samples	series	tissue	readsAligned	disease	TissueType	PC1	PC2	cluster	UMAP_1	UMAP_2	TissueFinal	Cluster	ewsScore	Tissue	PHATE_1	PHATE_2	PHATE_3	Remove	TissueNow	Category
GSM1020216	GSE41616	corneal endothelial cells	39165004	Normal	endothelial	-141.731206539494	-60.7010130922344	2	-9.50101176137156	6.21301219751622	Endothelial	2	11.5554388228182	Endothelial	-0.00721467923544196	-0.00422565794651596	0.00347425327152963	FALSE	Endothelial	Mesenchymal
GSM1020215	GSE41616	corneal endothelial cells	42290869	Normal	endothelial	-138.277902631489	-67.1757041525226	2	-9.48606428828145	5.52886984087644	Endothelial	2	11.2089604059851	Endothelial	-0.00768612859121274	-0.00450912433435878	0.00364583824715813	FALSE	Endothelial	Mesenchymal
GSM1567921	GSE64283	Heart	15485920	Normal	cardiac	-82.2685540733154	129.258102144752	2	-8.23464668625166	3.02619347649137	Cardiac	2	10.4622334426817	Cardiac	-0.00416683172349825	-0.00192666890214658	0.0054978287958873	FALSE	Cardiac	Mesenchymal
GSM1567920	GSE64283	Heart	13942277	Normal	cardiac	-87.8549931259074	110.389763694299	2	-7.88191577700449	2.96452101365861	Cardiac	2	10.5070154240408	Cardiac	-0.00371167459251729	-0.00229742210078715	0.00551473383224235	FALSE	Cardiac	Mesenchymal
GSM1704856	GSE69622	Fibroblast	11195119	Normal	stem-like	-129.815506054811	-33.3593628428554	2	-11.2077126616753	6.93883649515063	Fibroblasts	2	11.7620921844567	Fibroblasts	-0.0207389086417211	0.00887409325414525	0.000362431300025158	FALSE	Fibroblasts	Mesenchymal
GSM1536187	GSE62913	Ventricle	20470817	Normal	cardiac	-118.52161370175	-32.5247216463697	2	-7.1754314956226	4.0779295216877	Cardiac	2	10.8853172811993	Cardiac	-0.0064659283816666	-0.00345941558801383	0.00584364731886474	FALSE	Cardiac	Mesenchymal
GSM1567919	GSE64283	Heart	16740179	Normal	cardiac	-96.6149422659783	60.4885216931509	2	-7.38149371102918	3.0734721316028	Cardiac	2	10.477683367377	Cardiac	-0.00592965915278324	-0.00292825536826988	0.00553815054359701	FALSE	Cardiac	Mesenchymal
GSM1567918	GSE64283	Heart	18878867	Normal	cardiac	-97.2530841614494	71.5588246211582	2	-7.62653729569751	3.30550971882819	Cardiac	2	10.5950187098174	Cardiac	-0.00653949009114474	-0.00292995830590759	0.00551759521970785	FALSE	Cardiac	Mesenchymal
GSM1296257	GSE53567	cardiomyocyte cells	38993911	Normal	muscle	-117.38740634801	-5.19534736177409	2	-8.94991096816457	4.30349234468182	Muscle	2	10.4138542735092	Muscle	-0.00852906549683482	-0.00288523624527298	0.0055497685483607	FALSE	Muscle	Mesenchymal
GSM1704849	GSE69622	Fibroblast	12886582	Normal	stem-like	-123.031315514233	20.4074718191441	2	-13.3284138668321	6.22299429992556	Fibroblasts	2	11.9487883568413	Fibroblasts	-0.0234410399194629	0.0116539325251791	-0.00164190755894924	FALSE	Fibroblasts	Mesenchymal
GSM1542467	GSE63161	cardiomyocytes	35280045	Normal	muscle	-130.285735027089	-37.0748023374477	2	-8.55105046718378	4.02759476114504	Muscle	2	11.2401943828031	Muscle	-0.00634137762354637	-0.00218207323553081	0.00614318952016754	FALSE	Muscle	Mesenchymal
GSM1536188	GSE62913	IMR90 ips	22007387	Normal	stem-like	-121.654110232485	17.4717002748396	2	-8.25989393272298	3.09335882996751	Fibroblasts	2	10.5806385146484	Fibroblasts	-0.00474286673915234	-0.00371088870331389	0.00551113851095396	FALSE	Fibroblasts	Mesenchymal
GSM1536185	GSE62913	Atrium	20218675	Normal	cardiac	-123.305755836025	-29.9298516562058	2	-7.76823336811238	4.05846191995394	Cardiac	2	10.9457066925995	Cardiac	-0.0066810937350674	-0.00350144903857978	0.00589124502912699	FALSE	Cardiac	Mesenchymal
GSM1536184	GSE62913	Atrium	24883985	Normal	cardiac	-131.935762424961	-55.8722932694971	2	-7.6922232900425	4.27968490055432	Cardiac	2	11.110752425443	Cardiac	-0.00679404722070347	-0.00367686253430997	0.00561513574008358	FALSE	Cardiac	Mesenchymal
GSM1536186	GSE62913	Ventricle	18023983	Normal	cardiac	-121.394899128567	-28.9364580037911	2	-7.5655515184397	4.04867566710589	Cardiac	2	10.9820306634379	Cardiac	-0.00641254404414505	-0.00347136846928171	0.0058772644837557	FALSE	Cardiac	Mesenchymal
GSM1542466	GSE63161	cardiomyocytes	36944083	Normal	muscle	-136.416483467631	-39.828736787219	2	-9.12869647429608	4.43481480345117	Muscle	2	11.5049755854219	Muscle	-0.00615516785278048	-0.00193547468482834	0.00604397243206252	FALSE	Muscle	Mesenchymal
GSM1704855	GSE69622	Fibroblast	17734650	Normal	stem-like	-128.075249250847	-26.0422141657897	2	-11.0277573723773	6.74159047727854	Fibroblasts	2	11.9773135881565	Fibroblasts	-0.0194948281728751	0.0080529684055409	0.00113759549882458	FALSE	Fibroblasts	Mesenchymal
GSM1567917	GSE64283	Heart	14718996	Normal	cardiac	-107.380789288431	70.3497365482692	2	-8.41069042477209	3.31259698961268	Cardiac	2	10.5685850988745	Cardiac	-0.00829236970619925	-0.00303177698483204	0.00506409155695671	FALSE	Cardiac	Mesenchymal
GSM1296256	GSE53567	cardiomyocyte cells	44766447	Normal	muscle	-112.38219947221	7.03400098263623	2	-9.00088522208357	3.98740490430175	Muscle	2	10.3053666831767	Muscle	-0.00841861427903671	-0.00275731052826388	0.00564199791263343	FALSE	Muscle	Mesenchymal
GSM1542463	GSE63161	cardiomyocytes	37374983	Normal	muscle	-135.30805357277	-29.7650870254762	2	-8.47079736837993	3.9763257134833	Muscle	2	11.5400200970636	Muscle	-0.00723989293914288	-0.00261308814718925	0.00581000527517557	FALSE	Muscle	Mesenchymal
GSM1560580	GSE63935	H1 human embryonic stem cell derived neural progenitor cells, endothelial cells, mesenchymal stem c	31466827	Normal	MSCs	-170.727049258401	-62.5265027185943	2	-9.26112989799105	8.96460228790621	MSCs	2	11.4197877977944	MSCs	-0.017915350371917	-0.00850783013613634	-0.00419021868929468	FALSE	MSCs	Mesenchymal
GSM1542464	GSE63161	cardiomyocytes	31816084	Normal	muscle	-137.568899433847	-18.0621316276452	2	-8.72733619820746	3.95415822183579	Muscle	2	11.4667688786499	Muscle	-0.00607569768810112	-0.00257603197326665	0.00609311113322294	FALSE	Muscle	Mesenchymal
GSM1560581	GSE63935	H1 human embryonic stem cell derived neural progenitor cells, endothelial cells, mesenchymal stem c	24614085	Normal	MSCs	-172.785805260331	-55.3497963548654	2	-9.3012785172619	8.67431069081407	MSCs	2	11.3686438981935	MSCs	-0.0178903908082168	-0.00855277667163615	-0.00420308984012208	FALSE	MSCs	Mesenchymal
GSM1560573	GSE63935	H1 human embryonic stem cell derived neural progenitor cells, endothelial cells, and mesenchymal st	10981693	Normal	MSCs	-171.0300036909	-24.0822209189251	2	-8.78991816540016	8.8602813565163	MSCs	2	11.0576179222236	MSCs	-0.0179865008866718	-0.00871010440100963	-0.00444553008694143	FALSE	MSCs	Mesenchymal
GSM1560578	GSE63935	H1 human embryonic stem cell derived neural progenitor cells, endothelial cells, mesenchymal stem c	31795188	Normal	MSCs	-168.518803195462	-60.1356821409682	2	-9.13958478971056	8.94444615617109	MSCs	2	11.4692611562881	MSCs	-0.0178876960256153	-0.0085158284863152	-0.00417469458356145	FALSE	MSCs	Mesenchymal
GSM1560579	GSE63935	H1 human embryonic stem cell derived neural progenitor cells, endothelial cells, mesenchymal stem c	27749783	Normal	MSCs	-171.153943745188	-64.2116456606373	2	-9.41076749453239	8.87171681223735	MSCs	2	11.4541686067571	MSCs	-0.0180129946859411	-0.00854051279018467	-0.00429672696716069	FALSE	MSCs	Mesenchymal
GSM1542461	GSE63161	cardiomyocytes	36374773	Normal	muscle	-142.196865189853	-37.3230483369243	2	-8.62733341124554	3.84579007627859	Muscle	2	12.1089541588771	Muscle	-0.00789717459706314	-0.00276736981582621	0.00560378056929138	FALSE	Muscle	Mesenchymal
GSM1560570	GSE63935	H1 human embryonic stem cell derived neural progenitor cells, endothelial cells, and mesenchymal st	10989318	Normal	MSCs	-167.25951680363	-18.0974965225514	2	-9.08439804147635	8.80307193089242	MSCs	2	10.9694374128362	MSCs	-0.0179923104294951	-0.00871288441167399	-0.0044688712810224	FALSE	MSCs	Mesenchymal
GSM1542462	GSE63161	cardiomyocytes	42181468	Normal	muscle	-138.485004799316	-24.0521241478486	2	-8.54097488844364	4.34449169849768	Muscle	2	11.5438387342881	Muscle	-0.00769453997306717	-0.00253872114508702	0.00593293941122374	FALSE	Muscle	Mesenchymal
GSM1542468	GSE63161	cardiomyocytes	35964220	Normal	muscle	-134.188329445631	-26.7561559146843	2	-8.78290542331733	4.34844534355638	Muscle	2	11.5147939014223	Muscle	-0.00683328583634948	-0.002120746921342	0.00617329474054268	FALSE	Muscle	Mesenchymal
GSM1542465	GSE63161	cardiomyocytes	35015958	Normal	muscle	-135.276539940455	-33.4128202794873	2	-8.81150816598646	4.69103550329171	Muscle	2	11.475139954197	Muscle	-0.0047935576127025	-0.002112960735646	0.00613166569764285	FALSE	Muscle	Mesenchymal
GSM1567922	GSE64283	Heart	18557249	Normal	cardiac	-83.1404841042561	142.378909394976	2	-8.39799734306191	3.01736253864938	Cardiac	2	10.7124191191524	Cardiac	-0.00460595829923057	-0.00173701618220216	0.00506341279001995	FALSE	Cardiac	Mesenchymal
GSM1704848	GSE69622	Fibroblast	15883528	Normal	stem-like	-125.242264598742	2.46124876135465	2	-13.2945170238568	6.97561258906104	Fibroblasts	2	12.0737930477705	Fibroblasts	-0.0242387221748987	0.0123840503873523	-0.00233204987012934	FALSE	Fibroblasts	Mesenchymal
GSM2098154	GSE79552	Week5 Heart	19382862	Normal	cardiac	-141.757550818628	-90.2725227592379	2	-8.60863503771344	4.55739471841008	Cardiac	2	11.9268617127631	Cardiac	-0.00842730304998255	-0.00306305727728122	0.00526809468711007	FALSE	Cardiac	Mesenchymal
GSM2098155	GSE79552	Week5 Heart	19729468	Normal	cardiac	-144.553481982138	-99.5405974460551	2	-8.48000911053371	4.6127348444134	Cardiac	2	11.9913629248901	Cardiac	-0.00876481577415267	-0.00295247269831141	0.00505880942499208	FALSE	Cardiac	Mesenchymal
GSM2098157	GSE79552	Week5 Heart	18025521	Normal	cardiac	-155.34359507519	-98.8781608587215	2	-8.46774698854527	4.55775177514098	Cardiac	2	12.1036629935381	Cardiac	-0.00876061572232923	-0.00313618764117668	0.00497674827298761	FALSE	Cardiac	Mesenchymal
GSM2098156	GSE79552	Week5 Heart	13890339	Normal	cardiac	-156.811041003357	-103.206461568688	2	-8.55894706822243	4.49031158697443	Cardiac	2	12.1661949610005	Cardiac	-0.00889247822567116	-0.00306970271179971	0.00492284101330803	FALSE	Cardiac	Mesenchymal
GSM2279928	GSE85623Xx-xXGSE85631	cardiomyocyte H7-derived	17647468	Normal	muscle	-103.018713784587	111.740675022242	2	-10.0600583860371	3.01025743065196	Muscle	2	10.8585618238201	Muscle	-0.00856360643743042	-0.000404211821855746	0.00543788987318337	FALSE	Muscle	Mesenchymal
GSM2535611	GSE96560Xx-xXGSE96566	human derived iPS cardiomyocytes	11294956	Normal	muscle	-99.5325422874232	76.7844930974831	2	-8.53862403306851	3.00906770492062	Muscle	2	9.87485543955339	Muscle	-0.00583457764597773	-0.00314431094208866	0.00515059538146419	FALSE	Muscle	Mesenchymal
GSM2535603	GSE96560Xx-xXGSE96566	human derived iPS cardiomyocytes	13691072	Normal	muscle	-110.407919130749	55.2143178397417	2	-8.53547833553027	3.11256286053458	Muscle	2	10.0734163393935	Muscle	-0.00763975555187804	-0.00325701775309445	0.00524861582994674	FALSE	Muscle	Mesenchymal
GSM2535614	GSE96560Xx-xXGSE96566	human derived iPS cardiomyocytes	12042281	Normal	muscle	-104.589506097687	66.4765706577479	2	-8.77903190565825	3.04017477597559	Muscle	2	10.0304410707085	Muscle	-0.00555640134438331	-0.00311654648881773	0.00530529284897001	FALSE	Muscle	Mesenchymal
GSM2535605	GSE96560Xx-xXGSE96566	human derived iPS cardiomyocytes	14238585	Normal	muscle	-116.498832575541	42.5635275418901	2	-8.22512680719156	2.78002197197273	Muscle	2	10.2953147936811	Muscle	-0.00708273163202337	-0.00328391934160095	0.0055247396609164	FALSE	Muscle	Mesenchymal
GSM2535604	GSE96560Xx-xXGSE96566	human derived iPS cardiomyocytes	14188222	Normal	muscle	-110.66131480978	53.3630877820653	2	-8.48006143155011	2.86276922660955	Muscle	2	10.0413730629083	Muscle	-0.00740222117734058	-0.00327853529690408	0.00525082401552567	FALSE	Muscle	Mesenchymal
GSM2535608	GSE96560Xx-xXGSE96566	human derived iPS cardiomyocytes	15928431	Normal	muscle	-111.5486583144	51.5115600287219	2	-8.67546104902575	2.81228675227896	Muscle	2	10.1184442290353	Muscle	-0.0053464267581364	-0.00309019850610335	0.00548869972991464	FALSE	Muscle	Mesenchymal
GSM2535606	GSE96560Xx-xXGSE96566	human derived iPS cardiomyocytes	14267109	Normal	muscle	-108.586714403211	58.8224306866846	2	-8.66775172002096	2.7787990524721	Muscle	2	10.0860981755759	Muscle	-0.00726716220132794	-0.00323585729448931	0.00523962471614591	FALSE	Muscle	Mesenchymal
GSM2535607	GSE96560Xx-xXGSE96566	human derived iPS cardiomyocytes	15701353	Normal	muscle	-116.126993413386	39.9093946449548	2	-8.47193045180177	3.0564708998281	Muscle	2	10.2680617806818	Muscle	-0.0055891470641582	-0.00320375823832621	0.0056221010286755	FALSE	Muscle	Mesenchymal
GSM2535612	GSE96560Xx-xXGSE96566	human derived iPS cardiomyocytes	14624295	Normal	muscle	-107.000988788796	56.6202664706043	2	-8.46200719543695	2.85104362330021	Muscle	2	10.1365732997783	Muscle	-0.00603557941018025	-0.00329494985238842	0.00524769086854827	FALSE	Muscle	Mesenchymal
GSM2535613	GSE96560Xx-xXGSE96566	human derived iPS cardiomyocytes	15095490	Normal	muscle	-104.111896890908	67.9268512920459	2	-8.42701999392215	2.84167596972937	Muscle	2	10.016794635866	Muscle	-0.00553726771490488	-0.00320174005411005	0.00523394135108405	FALSE	Muscle	Mesenchymal
GSM2535609	GSE96560Xx-xXGSE96566	human derived iPS cardiomyocytes	13695182	Normal	muscle	-109.720490825402	58.8680890179835	2	-8.40938940562461	2.79620866697869	Muscle	2	10.131694680905	Muscle	-0.00523548779295962	-0.00300618352876117	0.00551605353116805	FALSE	Muscle	Mesenchymal
GSM2535610	GSE96560Xx-xXGSE96566	human derived iPS cardiomyocytes	23123941	Normal	muscle	-116.007651387275	46.6756175886335	2	-8.47319697367182	3.07001816787659	Muscle	2	10.3232444246723	Muscle	-0.00540767621538521	-0.00313940265549872	0.00562458949056834	FALSE	Muscle	Mesenchymal
GSM1706702	GSE69626	fibroblasts	13942012	Normal	stem-like	-96.8936140909818	63.8629323281056	2	-12.0142494671208	5.01498940838072	Fibroblasts	2	11.5615758733837	Fibroblasts	-0.0183805559037939	0.00671457224159084	0.00215515970436091	FALSE	Fibroblasts	Mesenchymal
GSM1706707	GSE69626	fibroblasts	16123881	Normal	stem-like	-84.2897180391704	170.515714815614	2	-9.10789315128697	3.71183490335076	Fibroblasts	2	11.0943037243179	Fibroblasts	-0.0128024564914512	0.00204915058212625	0.00485568454586091	FALSE	Fibroblasts	Mesenchymal
GSM1706740	GSE69626	fibroblasts	10607510	Normal	stem-like	-99.9959058518837	53.4868414754308	2	-12.0572506251047	5.30142157227228	Fibroblasts	2	11.6621747553142	Fibroblasts	-0.0192434648875602	0.00749303520713995	0.00157390837275553	FALSE	Fibroblasts	Mesenchymal
GSM1706745	GSE69626	fibroblasts	12428089	Normal	stem-like	-100.538200070872	55.5266486200814	2	-12.0061271284474	5.11300264830133	Fibroblasts	2	11.5728473032261	Fibroblasts	-0.0187407247309082	0.00708474130327202	0.00190226960457635	FALSE	Fibroblasts	Mesenchymal
GSM2807849	GSE104784	H1 samples collected from day 1 after mesenchymal stem cells differentiation under DOX+CC condition	19231053	Normal	MSCs	-111.719182594117	-13.7251522959981	2	-11.8976950851798	7.10883244708194	MSCs	2	11.9384581343691	MSCs	-0.0184906873967209	0.00788652966429012	0.00123517904753249	FALSE	MSCs	Mesenchymal
GSM2807850	GSE104784	H1 samples collected from day 3 after mesenchymal stem cells differentiation under DOX+CC condition	18906957	Normal	MSCs	-116.691839369953	-25.4638706925175	2	-11.7787763180332	6.89896607137068	MSCs	2	11.8492454892788	MSCs	-0.0159319618909338	0.00500355617095534	0.00244209077438559	FALSE	MSCs	Mesenchymal
GSM2807851	GSE104784	H1 samples collected from day 5 after mesenchymal stem cells differentiation under DOX+CC condition	18847757	Normal	MSCs	-124.778205097451	-35.5601997200123	2	-11.2024155588257	6.78139612261868	MSCs	2	11.8425613738042	MSCs	-0.0156484773279455	0.0043195841108475	0.0026468689228771	FALSE	MSCs	Mesenchymal
GSM2807852	GSE104784	H1 samples collected from day 7 after mesenchymal stem cells differentiation under DOX+CC condition	19460119	Normal	MSCs	-143.885350847831	-128.323662757761	2	-10.9972020589591	7.12912882388125	MSCs	2	12.4028120164317	MSCs	-0.018559425414285	0.00711692717991942	0.000751951904214466	FALSE	MSCs	Mesenchymal
GSM2807853	GSE104784	H1 samples collected from day 7 after mesenchymal stem cells differentiation under DOX+ conditions,	19273464	Normal	MSCs	-131.634819853009	-11.4287928705745	2	-11.0536520741762	6.30198305008189	MSCs	2	11.7400692502741	MSCs	-0.0127396865560739	0.00237140837595433	0.00357975285232376	FALSE	MSCs	Mesenchymal
GSM2225650	GSE84013	Fibroblast	13335838	Normal	stem-like	-111.043810579151	43.9612210067851	4	-5.68638805597924	7.26905821167748	Fibroblasts	4	9.71982415878261	Fibroblasts	-0.0139274617675144	-0.0070410076272236	-0.00162448514343281	FALSE	Fibroblasts	Mesenchymal
GSM2225651	GSE84013	Fibroblast	13689063	Normal	stem-like	-118.619945183372	24.6810016477933	4	-6.52414848948025	7.32433182876139	Fibroblasts	4	10.3353818053606	Fibroblasts	-0.0132299243803315	-0.00749032416260405	-0.00203360242688416	FALSE	Fibroblasts	Mesenchymal
GSM2225654	GSE84013	Fibroblast	15364571	Normal	stem-like	-102.022648600628	39.8333065978391	4	-5.95947798431727	6.71691172700636	Fibroblasts	4	10.0406030417671	Fibroblasts	-0.00812643569062972	-0.00606901364403795	-0.000324297877089387	FALSE	Fibroblasts	Mesenchymal
GSM2225655	GSE84013	Fibroblast	15966060	Normal	stem-like	-105.952307999649	30.9849229670926	4	-6.21009817664893	6.90314528061251	Fibroblasts	4	10.1215590699768	Fibroblasts	-0.00714874244165249	-0.00601024462416023	-0.000420375078696446	FALSE	Fibroblasts	Mesenchymal
GSM2225658	GSE84013	Fibroblast	14058808	Normal	stem-like	-121.765007279798	21.822735420815	4	-6.55131645487775	7.37728245590435	Fibroblasts	4	10.2775280507499	Fibroblasts	-0.0122046182362498	-0.0072405883874448	-0.00166112501066952	FALSE	Fibroblasts	Mesenchymal
GSM2225659	GSE84013	Fibroblast	15270889	Normal	stem-like	-120.030940613716	20.8582877652388	4	-6.67904107376823	7.1500183350706	Fibroblasts	4	10.2851773585927	Fibroblasts	-0.0122105484892994	-0.00720943624567094	-0.00165010593736925	FALSE	Fibroblasts	Mesenchymal
GSM2225662	GSE84013	Fibroblast	11234938	Normal	stem-like	-112.205530805076	40.4770041130656	4	-6.01219081621899	7.27634304625361	Fibroblasts	4	10.0899195425374	Fibroblasts	-0.0140876437844	-0.00742875543778243	-0.00185066864868086	FALSE	Fibroblasts	Mesenchymal
GSM2225663	GSE84013	Fibroblast	14520131	Normal	stem-like	-119.531660306731	19.0493221070315	4	-6.6063774693613	7.22251597062543	Fibroblasts	4	10.3075215082766	Fibroblasts	-0.014221810714597	-0.00773404730282273	-0.0023477848373947	FALSE	Fibroblasts	Mesenchymal
GSM2463759	GSE93841	human cardiac organoids	24117900	Normal	cardiac	-148.661595278881	-67.5212638119704	2	-8.90468394358263	4.60243063131496	Cardiac	2	11.5128440282913	Cardiac	-0.00030903272333884	-0.00266156588286593	0.00554425586459483	FALSE	Cardiac	Mesenchymal
GSM2463760	GSE93841	human cardiac organoids	20828334	Normal	cardiac	-142.523911721847	-63.8361398498689	2	-8.83971658204593	4.16377337462601	Cardiac	2	11.4996242073247	Cardiac	-0.00244929599314674	-0.00280674794809453	0.00597680645969738	FALSE	Cardiac	Mesenchymal
GSM2463762	GSE93841	human cardiac organoids	22946787	Normal	cardiac	-147.00178970379	-68.2100822488368	2	-8.68141543870233	4.38711618927126	Cardiac	2	11.5576046802677	Cardiac	-0.00269764735144151	-0.00295242014353032	0.00591182923301485	FALSE	Cardiac	Mesenchymal
GSM2463763	GSE93841	human cardiac organoids	21100203	Normal	cardiac	-148.831028190459	-58.0112601624097	2	-8.59521882796379	4.50127802506568	Cardiac	2	11.4788803430835	Cardiac	-0.00643134041064544	-0.0031235688429054	0.00598865144973368	FALSE	Cardiac	Mesenchymal
GSM2463764	GSE93841	human cardiac organoids	19678336	Normal	cardiac	-133.835745714914	-36.8124149505465	2	-8.3545883391666	4.34474967981446	Cardiac	2	10.9985194993958	Cardiac	-0.0065981236615866	-0.00298968962472491	0.00623919344487696	FALSE	Cardiac	Mesenchymal
GSM2463765	GSE93841	human cardiac organoids	22685849	Normal	cardiac	-141.733212754534	-35.7468398269577	2	-8.56589827410773	4.22558319404088	Cardiac	2	11.2397308028454	Cardiac	-0.0057999727988738	-0.00330429141093719	0.00612219248890802	FALSE	Cardiac	Mesenchymal
GSM2463766	GSE93841	human cardiac organoids	23084518	Normal	cardiac	-148.054003268432	-64.7020440988409	2	-8.47810117885086	4.59276632404362	Cardiac	2	11.4187179111263	Cardiac	-0.00685778851777467	-0.0031353391489828	0.00601983758599182	FALSE	Cardiac	Mesenchymal
GSM2732856	GSE102283	Skeletal muscle Mesoangioblasts	10149564	Normal	muscle	-102.86996302637	22.0809109204089	16	-8.40188100039813	-17.9273338237466	Muscle	16	12.1606895329977	Muscle	-0.0108808630337317	0.00175982895942292	0.00280190678135558	FALSE	Muscle	Mesenchymal
GSM2732860	GSE102283	Skeletal muscle Mesoangioblasts	15313351	Normal	muscle	-96.7616874265579	34.6316863156607	16	-8.52642944526083	-17.615025853614	Muscle	16	12.1566562806967	Muscle	-0.0106830140795088	-0.000199529459406233	0.00376433162099144	FALSE	Muscle	Mesenchymal
GSM2732861	GSE102283	Skeletal muscle Mesoangioblasts	18644699	Normal	muscle	-92.4057398381563	42.2617500401155	16	-8.45576374711489	-17.4589250378629	Muscle	16	12.1356023599564	Muscle	-0.0105755888992717	-0.0001402702388837	0.00376915105772437	FALSE	Muscle	Mesenchymal
GSM2732862	GSE102283	Skeletal muscle Mesoangioblasts	16061352	Normal	muscle	-98.4776020707874	27.4987691989894	16	-8.59716348631979	-17.733540290099	Muscle	16	12.2884971842253	Muscle	-0.0108807724121172	-0.000417315094208257	0.00361952831643277	FALSE	Muscle	Mesenchymal
GSM2732884	GSE102283	Skeletal muscle Mesoangioblasts	10305813	Normal	muscle	-108.763304129062	2.82225392235234	16	-9.04926575037431	-17.6240845508577	Muscle	16	11.9644704358258	Muscle	-0.0121375682321771	-0.000732916932645319	0.00331901785287693	FALSE	Muscle	Mesenchymal
GSM2732885	GSE102283	Skeletal muscle Mesoangioblasts	13834113	Normal	muscle	-109.447430285896	-0.69323985700035	16	-9.00466206543617	-17.7616183812218	Muscle	16	12.0377783166476	Muscle	-0.0123164853978743	-0.000844026586679983	0.00321327331253305	FALSE	Muscle	Mesenchymal
GSM2732886	GSE102283	Skeletal muscle Mesoangioblasts	11773199	Normal	muscle	-109.262679383682	4.54800648026219	16	-8.90004911844506	-17.9780034089014	Muscle	16	11.9939546842749	Muscle	-0.011851894958171	-0.000858182010233422	0.00339615700532132	FALSE	Muscle	Mesenchymal
GSM2732887	GSE102283	Skeletal muscle Mesoangioblasts	14620594	Normal	muscle	-104.805226845219	4.24466272946464	16	-9.24718794037911	-17.6495240594648	Muscle	16	11.979597845433	Muscle	-0.0111256083313004	-0.00149901410731684	0.00366627655717528	FALSE	Muscle	Mesenchymal
GSM2732888	GSE102283	Skeletal muscle Mesoangioblasts	10416037	Normal	muscle	-100.342100250398	21.7169478069897	16	-8.84879864006132	-17.751612410905	Muscle	16	11.863222315456	Muscle	-0.0103152553409599	-0.00190077060520719	0.00392905293562353	FALSE	Muscle	Mesenchymal
GSM2732889	GSE102283	Skeletal muscle Mesoangioblasts	10279482	Normal	muscle	-102.424268417221	8.93684666137056	16	-8.85464283295301	-17.6213241079348	Muscle	16	11.8994121534648	Muscle	-0.010547838284839	-0.00189421664621997	0.00386361918550457	FALSE	Muscle	Mesenchymal
GSM2732891	GSE102283	Skeletal muscle Mesoangioblasts	10039574	Normal	muscle	-99.2963448875305	-3.80527543135941	16	-8.94671094735682	-17.7796431270605	Muscle	16	11.9561075763774	Muscle	-0.0111464497408705	-0.000729682329830018	0.00372845757563007	FALSE	Muscle	Mesenchymal
GSM2732892	GSE102283	Skeletal muscle Mesoangioblasts	10737779	Normal	muscle	-97.3773300566356	2.10078338771067	16	-8.86610844813221	-17.6902225327371	Muscle	16	11.9682718983424	Muscle	-0.0107570637191803	-0.000988861944930957	0.00384772438349831	FALSE	Muscle	Mesenchymal
GSM2747514	GSE102873	Cardiomyocytes	20571418	Normal	muscle	-106.193416647412	77.4493556537374	2	-8.95375291545659	3.05631292887279	Muscle	2	10.7367703986834	Muscle	-0.00735637013838923	-0.00254179879428439	0.00570182297069023	FALSE	Muscle	Mesenchymal
GSM2747515	GSE102873	Cardiomyocytes	21139475	Normal	muscle	-109.914184278678	82.647546042424	2	-8.98463419353423	3.04582773284501	Muscle	2	10.8668532285751	Muscle	-0.0063595968287182	-0.00258004051988208	0.00583499581335969	FALSE	Muscle	Mesenchymal
GSM2747516	GSE102873	Cardiomyocytes	19590747	Normal	muscle	-103.481227654003	87.7372246219183	2	-8.65887512171	2.71794898289797	Muscle	2	10.9159372715402	Muscle	-0.00867486748103667	-0.00261367272360988	0.00539462410286202	FALSE	Muscle	Mesenchymal
GSM2747517	GSE102873	Cardiomyocytes	132372244	Normal	muscle	-106.277744345441	66.1890302449077	2	-8.78384099928349	2.71257759200707	Muscle	2	11.0881311499747	Muscle	-0.00885620594202639	-0.00253113163705534	0.00547939219772315	FALSE	Muscle	Mesenchymal
GSM2747518	GSE102873	Cardiomyocytes	23319946	Normal	muscle	-108.420486011468	76.900420013956	2	-8.79742926724895	2.95562023685717	Muscle	2	11.1014675390602	Muscle	-0.00902510378923443	-0.00254972532458145	0.00533908687412218	FALSE	Muscle	Mesenchymal
GSM2747519	GSE102873	Cardiomyocytes	18819724	Normal	muscle	-107.528360241929	41.9515329075851	2	-8.95942689639389	3.15925801917114	Muscle	2	10.6694720998861	Muscle	-0.00754531662354989	-0.00212733735555667	0.00589117558588967	FALSE	Muscle	Mesenchymal
GSM2735358	GSE102352	iPSC derived from fibroblast cells of GM01835 from Coriell Cell Repositories	29222386	Normal	stem-like	-119.743608528262	2.34833473132546	2	-13.1186642633701	6.86058051013173	Fibroblasts	2	11.8224708847904	Fibroblasts	-0.0236330044113547	0.0117859038721381	-0.00181518629447256	FALSE	Fibroblasts	Mesenchymal
GSM2735359	GSE102352	iPSC derived from fibroblast cells of GM01835 from Coriell Cell Repositories	25326256	Normal	stem-like	-119.235411369377	0.856217615685504	2	-13.0000978597519	6.81086191289342	Fibroblasts	2	11.7928833413307	Fibroblasts	-0.02352791662506	0.0116897526408829	-0.00173372861117242	FALSE	Fibroblasts	Mesenchymal
GSM2879131	GSE107785	Cardiomyocytes stage differentiated from H7	13235637	Normal	muscle	-113.609420426632	80.6642106181845	2	-9.55708054648544	3.38884822340758	Muscle	2	10.3630207525162	Muscle	-0.00849620546708748	-0.00130818246405472	0.00586381671403716	FALSE	Muscle	Mesenchymal
GSM2879132	GSE107785	Cardiomyocytes stage differentiated from H7	12395864	Normal	muscle	-114.731875021249	81.0267967641118	2	-9.42384103072918	3.38097028793677	Muscle	2	10.4349868525342	Muscle	-0.00862461208754927	-0.00124689070375694	0.00582440742195243	FALSE	Muscle	Mesenchymal
GSM2402805	GSE90489	ex vivo corneal endothelium	13382865	Normal	endothelial	-63.6872944184428	128.108731056664	4	-5.87646077030505	-5.74347732232981	Endothelial	4	9.05254499459064	Endothelial	-0.0024603897653918	-0.0010350805150726	0.00506691020748129	FALSE	Endothelial	Mesenchymal
GSM2402806	GSE90489	ex vivo corneal endothelium	41002162	Normal	endothelial	-59.0925882817847	135.165855368027	4	-6.13365426901594	-6.01816479430659	Endothelial	4	9.05345835403982	Endothelial	-0.00299306477729871	-0.000670289609836382	0.00539939911796805	FALSE	Endothelial	Mesenchymal
GSM2515697	GSE84013	Fibroblast	22360286	Normal	stem-like	-114.072125103323	37.9545597898366	4	-6.04700457367019	7.57860573288427	Fibroblasts	4	10.11759967619	Fibroblasts	-0.0155154675842385	-0.00788026028017577	-0.00270954363372042	FALSE	Fibroblasts	Mesenchymal
GSM2515698	GSE84013	Fibroblast	25877879	Normal	stem-like	-113.972184882375	43.5040776877769	4	-5.88852404711292	7.54021088614299	Fibroblasts	4	10.0411931675999	Fibroblasts	-0.015616580780358	-0.00791902942942682	-0.00279177631315315	FALSE	Fibroblasts	Mesenchymal
GSM2515699	GSE84013	Fibroblast	18397838	Normal	stem-like	-94.7037119009655	63.0298591320794	4	-6.08449163544387	7.2962305528617	Fibroblasts	4	9.67787795122883	Fibroblasts	-0.0132630583630888	-0.00660660871831656	-0.000926492883390494	FALSE	Fibroblasts	Mesenchymal
GSM2515700	GSE84013	Fibroblast	24298467	Normal	stem-like	-95.1301327969113	59.7377060891313	4	-5.75720438106965	6.92999491865255	Fibroblasts	4	9.79637851333034	Fibroblasts	-0.0131846980784178	-0.00666170510404204	-0.000977213151511164	FALSE	Fibroblasts	Mesenchymal
GSM2515701	GSE84013	Fibroblast	23232095	Normal	stem-like	-103.022292127448	59.8379415495953	4	-5.98446292219097	7.46429764718521	Fibroblasts	4	9.91592039657268	Fibroblasts	-0.0155372718801179	-0.00749310890500522	-0.00225851439284379	FALSE	Fibroblasts	Mesenchymal
GSM2515702	GSE84013	Fibroblast	22275617	Normal	stem-like	-106.155060276742	52.1075395329094	4	-5.88687031011009	7.58147379982682	Fibroblasts	4	10.1114158462399	Fibroblasts	-0.0156719222396307	-0.0078109409203276	-0.00269943002419466	FALSE	Fibroblasts	Mesenchymal
GSM2515703	GSE84013	Fibroblast	17474733	Normal	stem-like	-96.4638630338137	64.5964228936684	4	-5.94723157064917	7.19437123896437	Fibroblasts	4	9.80771191458534	Fibroblasts	-0.0145317003741792	-0.00701897171004286	-0.00152415532457485	FALSE	Fibroblasts	Mesenchymal
GSM2515704	GSE84013	Fibroblast	24415656	Normal	stem-like	-100.312261645541	53.9641293419197	4	-5.82932005736159	7.08531370826194	Fibroblasts	4	9.93073656652846	Fibroblasts	-0.0145764942735626	-0.00740780321959707	-0.0020238697339456	FALSE	Fibroblasts	Mesenchymal
GSM2515705	GSE84013	Fibroblast	24751618	Normal	stem-like	-102.55192642476	52.9556883917437	4	-6.32535613944971	7.04164507841276	Fibroblasts	4	10.0045102503876	Fibroblasts	-0.0100565848816027	-0.0062407976674382	-0.000370171776347476	FALSE	Fibroblasts	Mesenchymal
GSM2515706	GSE84013	Fibroblast	26810926	Normal	stem-like	-102.440879967403	54.1689087466858	4	-6.10351621853489	6.99257268542166	Fibroblasts	4	10.0072935952808	Fibroblasts	-0.0102047547075495	-0.00627614208063465	-0.000413447138331823	FALSE	Fibroblasts	Mesenchymal
GSM2515707	GSE84013	Fibroblast	25767184	Normal	stem-like	-94.0983845153994	59.7702039420964	4	-6.00406956253358	7.03726250819793	Fibroblasts	4	9.81528926045743	Fibroblasts	-0.0110813714229421	-0.00628250422441726	-0.000399873681936068	FALSE	Fibroblasts	Mesenchymal
GSM2515708	GSE84013	Fibroblast	25041437	Normal	stem-like	-86.3694050699129	75.5125516979358	4	-6.37390691536516	6.92096578090738	Fibroblasts	4	9.55344660526008	Fibroblasts	-0.0113232060290219	-0.00596994086336848	-4.04438645643705e-05	FALSE	Fibroblasts	Mesenchymal
GSM2515711	GSE84013	Fibroblast	21339857	Normal	stem-like	-110.123934361732	41.677186865833	4	-5.97277773426487	7.10996528353547	Fibroblasts	4	10.0239136519409	Fibroblasts	-0.0132614458170221	-0.00729215769293036	-0.00170774925085659	FALSE	Fibroblasts	Mesenchymal
GSM2515712	GSE84013	Fibroblast	25247630	Normal	stem-like	-108.474521248712	46.8494461786286	4	-6.08723423254709	7.24412676744052	Fibroblasts	4	9.96210460690372	Fibroblasts	-0.0133711660248702	-0.00730166441710445	-0.00172246197095078	FALSE	Fibroblasts	Mesenchymal
GSM2515713	GSE84013	Fibroblast	23949000	Normal	stem-like	-104.091440763275	44.8179363455459	4	-6.43271158855182	7.22321154033474	Fibroblasts	4	9.97038420866584	Fibroblasts	-0.0124789927465789	-0.00697689509703989	-0.00110415391172204	FALSE	Fibroblasts	Mesenchymal
GSM2515714	GSE84013	Fibroblast	23647667	Normal	stem-like	-100.891022857303	52.5260521428317	4	-6.05382154781445	6.97562021859995	Fibroblasts	4	9.85826670777033	Fibroblasts	-0.0125544226499721	-0.00688779316765272	-0.00101956800929611	FALSE	Fibroblasts	Mesenchymal
GSM2429838	GSE92447	carodiomyocytes	37764487	Normal	muscle	-143.994827013848	-39.4751102027806	2	-8.58198308832955	4.21256655416263	Muscle	2	11.068032806216	Muscle	-0.00564653922919705	-0.00354311046544954	0.00597423216242544	FALSE	Muscle	Mesenchymal
GSM2429839	GSE92447	carodiomyocytes	47948346	Normal	muscle	-144.778663980161	-35.6681461189078	2	-8.7636380340441	4.10285738026146	Muscle	2	11.1221693867382	Muscle	-0.00529578162193187	-0.00352460589536579	0.00595245128060436	FALSE	Muscle	Mesenchymal
GSM2429840	GSE92447	carodiomyocytes	48754203	Normal	muscle	-139.037009243491	-24.4167138460176	2	-8.13589534365152	3.99057928049293	Muscle	2	11.1370999884577	Muscle	-0.00591767078947598	-0.00340946646689273	0.00599937026347912	FALSE	Muscle	Mesenchymal
GSM2680626	GSE69626	fibroblasts	26129500	Normal	stem-like	-121.096948300181	14.0188471369414	2	-12.7860237988793	6.33685485162328	Fibroblasts	2	12.1475922467367	Fibroblasts	-0.02297330543245	0.01088734577092	-0.00121604597483798	FALSE	Fibroblasts	Mesenchymal
GSM2680627	GSE69626	fibroblasts	25729949	Normal	stem-like	-119.350547276946	30.6327917342833	2	-12.8849760159203	6.15580544096447	Fibroblasts	2	12.2376721897494	Fibroblasts	-0.0227068230303709	0.0108872952420071	-0.00104474836708605	FALSE	Fibroblasts	Mesenchymal
GSM3060915	GSE112201	corneal endothelium	50190358	Normal	endothelial	-60.4440901485825	84.9769336455649	4	-5.68481866973381	-6.69219126938147	Endothelial	4	9.46629892327197	Endothelial	-0.0036952673751425	-0.00301912277689678	0.0033934284230735	FALSE	Endothelial	Mesenchymal
GSM3060918	GSE112201	corneal endothelium	62187613	Normal	endothelial	-73.4060052262514	56.1072581202343	4	-5.51982229942779	-6.38421681832735	Endothelial	4	9.78869858171588	Endothelial	-0.00195264739107753	-0.00315260925654259	0.00322676576734852	FALSE	Endothelial	Mesenchymal
GSM3060920	GSE112201	corneal endothelium	55983869	Normal	endothelial	-67.8634024581863	70.3154529572773	4	-5.54537517346128	-6.47104712370354	Endothelial	4	9.75620790861078	Endothelial	-0.00242732900365658	-0.00303073013192555	0.0033549672708594	FALSE	Endothelial	Mesenchymal
GSM3060922	GSE112201	corneal endothelium	67196781	Normal	endothelial	-68.9030577438134	81.2317793504132	4	-6.00770486464502	-6.40670570757508	Endothelial	4	9.86581725086011	Endothelial	-0.000841230590968981	-0.00288846978055818	0.00357269187227228	FALSE	Endothelial	Mesenchymal
GSM3060923	GSE112201	corneal endothelium	44344646	Normal	endothelial	-66.3298241078379	61.8649739188426	4	-5.74064711867595	-6.74932979993475	Endothelial	4	9.7345973743261	Endothelial	-0.00162911424230769	-0.00296132499842062	0.0033959937654921	FALSE	Endothelial	Mesenchymal
GSM3060924	GSE112201	corneal endothelium	49659978	Normal	endothelial	-68.4897836970939	83.7162110406802	4	-5.82191505270082	-6.26708050366828	Endothelial	4	9.50279482397365	Endothelial	-0.00681220998658258	-0.00361916397731267	0.0027571672887461	FALSE	Endothelial	Mesenchymal
GSM3060925	GSE112201	corneal endothelium	35187062	Normal	endothelial	-65.9606642937296	88.3915337840843	4	-5.91295334864698	-6.43001460455511	Endothelial	4	9.50430843740341	Endothelial	-0.00530717475066226	-0.00340432282757759	0.00292876989960797	FALSE	Endothelial	Mesenchymal
GSM3060927	GSE112201	corneal endothelium	53483150	Normal	endothelial	-66.6674807609585	39.5829454665592	4	-5.74171733907046	-6.81633954707632	Endothelial	4	9.72828796745319	Endothelial	-0.00315981561060767	-0.00336893010033102	0.00299275314149986	FALSE	Endothelial	Mesenchymal
GSM3060928	GSE112201	corneal endothelium	38141074	Normal	endothelial	-76.5461696365775	35.877267966277	4	-5.51078269138861	-6.65336660183526	Endothelial	4	9.43922561032068	Endothelial	-0.00588685022770851	-0.00373463330859494	0.0026274267995173	FALSE	Endothelial	Mesenchymal
GSM3060929	GSE112201	corneal endothelium	45652253	Normal	endothelial	-71.2057248443097	31.8319335527551	4	-5.63673221279257	-6.62723759328462	Endothelial	4	9.68553274528775	Endothelial	-0.00620693411043401	-0.0037855814786156	0.00256042761854802	FALSE	Endothelial	Mesenchymal
GSM3060930	GSE112201	corneal endothelium	54269245	Normal	endothelial	-64.170362256185	55.2820449383215	4	-5.56481762067491	-6.66253127518322	Endothelial	4	9.54754681498479	Endothelial	-0.0047377504883621	-0.00349218230336488	0.00288708108747795	FALSE	Endothelial	Mesenchymal
GSM3060931	GSE112201	corneal endothelium	45538808	Normal	endothelial	-67.1193094366127	42.3522699998133	4	-5.52964684701571	-6.93278838647859	Endothelial	4	9.58359869047986	Endothelial	-0.00471530406480596	-0.00355969961664265	0.00273559230319089	FALSE	Endothelial	Mesenchymal
GSM3060932	GSE112201	corneal endothelium	63362816	Normal	endothelial	-74.2629338032246	33.9171575539648	4	-5.71843313428177	-6.89176062495461	Endothelial	4	9.85522449855476	Endothelial	-0.000510821526276303	-0.00298418080047195	0.00311333119003182	FALSE	Endothelial	Mesenchymal
GSM3020061	GSE111007	cardiomyocytes	19493706	Normal	muscle	-131.984993962677	-7.27368831847213	2	-8.23993603983025	3.5354483513265	Muscle	2	10.744590274184	Muscle	-0.00613205344749233	-0.003631011713136	0.00579021682744847	FALSE	Muscle	Mesenchymal
GSM3020062	GSE111007	cardiomyocytes	24996860	Normal	muscle	-128.342933438454	-4.70410412770894	2	-8.17344333476816	3.408729967316	Muscle	2	10.4059586087763	Muscle	-0.00558138782924904	-0.00363629661520144	0.00576939783636025	FALSE	Muscle	Mesenchymal
GSM3020063	GSE111007	cardiomyocytes	24488738	Normal	muscle	-132.957174960379	-26.4343871637432	2	-8.2187086093826	3.61876364524297	Muscle	2	10.6985227890614	Muscle	-0.00604545527728032	-0.0036446541402943	0.00580576249973393	FALSE	Muscle	Mesenchymal
GSM3020064	GSE111007	cardiomyocytes	29493807	Normal	muscle	-137.547927045061	-12.2079515020772	2	-8.43682239012215	3.69318555350223	Muscle	2	10.7112354301321	Muscle	-0.00548677575200553	-0.0036245512958847	0.00582842424667441	FALSE	Muscle	Mesenchymal
GSM3020065	GSE111007	cardiomyocytes	24931317	Normal	muscle	-146.383158789753	-37.1459970845461	2	-8.39824503124272	3.84647105205553	Muscle	2	10.83270233388	Muscle	-0.00741158287622869	-0.00382418284406954	0.00543717898016099	FALSE	Muscle	Mesenchymal
GSM3020066	GSE111007	cardiomyocytes	18063817	Normal	muscle	-121.560153989445	-23.372122911541	2	-8.35220499479208	3.38326348877342	Muscle	2	10.3070247432594	Muscle	-0.00714331733153204	-0.00378685501671669	0.00529021639386091	FALSE	Muscle	Mesenchymal
GSM3020067	GSE111007	cardiomyocytes	20266114	Normal	muscle	-118.989585172074	-14.8887266538248	2	-8.21828034162041	3.18325842658427	Muscle	2	10.2869288364343	Muscle	-0.00718735214919943	-0.00366782583004035	0.00535647566143941	FALSE	Muscle	Mesenchymal
GSM3020068	GSE111007	cardiomyocytes	14570401	Normal	muscle	-122.523858285823	-16.9121120203121	2	-8.2548500791825	3.53789752599709	Muscle	2	10.4662953887012	Muscle	-0.0076634023706605	-0.00380757303823179	0.0052628472215128	FALSE	Muscle	Mesenchymal
GSM3415975	GSE120800	derived from SF-MSCs	27400471	Normal	MSCs	-131.596775577637	-6.81141209464162	2	-12.9888401282525	7.40378695672672	MSCs	2	11.7265992753869	MSCs	-0.0244511996909753	0.0122772158304372	-0.00245289472653295	FALSE	MSCs	Mesenchymal
GSM3415976	GSE120800	derived from SF-MSCs	17137387	Normal	MSCs	-127.554904552448	3.63213890670882	2	-12.9170711441887	6.68218881779474	MSCs	2	11.7614591698454	MSCs	-0.0239593337504179	0.0117935555819595	-0.00202361318068798	FALSE	MSCs	Mesenchymal
GSM3415977	GSE120800	derived from SF-MSCs	25933981	Normal	MSCs	-118.336402544876	13.7319754219261	2	-13.3129198138182	6.32117672492326	MSCs	2	11.618346915164	MSCs	-0.0234524383509931	0.0116719892164619	-0.00162827205937751	FALSE	MSCs	Mesenchymal
GSM3525709	GSE124208	reprogramming from ERCC6 mut fibroblast	17896554	Normal	stem-like	-120.751903560989	18.1616330992376	2	-12.507013911201	6.26076291570654	Fibroblasts	2	11.9193649130238	Fibroblasts	-0.0223363486199713	0.0101324760212262	-0.000707262091541812	FALSE	Fibroblasts	Mesenchymal
GSM3525710	GSE124208	reprogramming from ERCC6 mut fibroblast	33877617	Normal	stem-like	-120.338676828923	17.3914013582429	2	-12.7253930910123	6.40805376911339	Fibroblasts	2	11.8677374315029	Fibroblasts	-0.0222754291910973	0.0101228509693836	-0.000649766936800186	FALSE	Fibroblasts	Mesenchymal
GSM2430853	GSE81585	fibroblasts	29345028	Normal	stem-like	-145.596493560997	-11.3544377656171	2	-8.45290848698055	3.97704447896353	Fibroblasts	2	11.2802040397657	Fibroblasts	-0.00775559140404514	-0.00427401744696383	0.00479022928405953	FALSE	Fibroblasts	Mesenchymal
GSM2430854	GSE81585	fibroblasts	22837184	Normal	stem-like	-173.393348130969	-121.720284267675	2	-8.4974354368816	4.82558752485129	Fibroblasts	2	11.6271941800193	Fibroblasts	-0.00649883326293985	-0.00388414138156964	0.0043706219762897	FALSE	Fibroblasts	Mesenchymal
GSM2430855	GSE81585	fibroblasts	42444252	Normal	stem-like	-166.207597536408	-71.2442072049386	2	-8.39969215302779	4.96799308359777	Fibroblasts	2	11.5514827425008	Fibroblasts	-0.00860292036607814	-0.0040619430145327	0.00458830680732184	FALSE	Fibroblasts	Mesenchymal
GSM2430856	GSE81585	fibroblasts	31094562	Normal	stem-like	-146.233352600104	-16.5086270947246	2	-8.91779942307763	4.35160431628932	Fibroblasts	2	11.242106743092	Fibroblasts	-0.00351908561126783	-0.00353614712079054	0.00584898587925905	FALSE	Fibroblasts	Mesenchymal
GSM2430857	GSE81585	fibroblasts	35375389	Normal	stem-like	-160.894223654233	-43.9826042476249	2	-8.81759660374024	4.64723287192242	Fibroblasts	2	11.4424205050653	Fibroblasts	-0.00658524711489544	-0.00396259680980042	0.00534871468964255	FALSE	Fibroblasts	Mesenchymal
GSM2430858	GSE81585	fibroblasts	23122779	Normal	stem-like	-143.343294849068	-33.7311954007272	2	-8.44687932656893	4.53114234968609	Fibroblasts	2	11.1392949014019	Fibroblasts	-0.00694820178213036	-0.00347279553391058	0.00563551993722527	FALSE	Fibroblasts	Mesenchymal
GSM2430859	GSE81585	fibroblasts	37144302	Normal	stem-like	-168.273891279297	-77.4556646403206	2	-8.42409055105809	4.73259900730601	Fibroblasts	2	11.2651106522218	Fibroblasts	-0.00804238857298621	-0.00414403661028894	0.00461413230480912	FALSE	Fibroblasts	Mesenchymal
GSM2430860	GSE81585	fibroblasts	24282563	Normal	stem-like	-157.721485181816	-63.213495695971	2	-8.2299580589017	4.66699538478062	Fibroblasts	2	11.4268196137424	Fibroblasts	-0.00720640844345413	-0.00363711069461158	0.00534620503049912	FALSE	Fibroblasts	Mesenchymal
GSM2430861	GSE81585	fibroblasts	35415430	Normal	stem-like	-145.700737489997	-22.2374545875787	2	-8.48628396496188	4.36070650725212	Fibroblasts	2	11.2519855315187	Fibroblasts	-0.00351315390473438	-0.0035054568391644	0.00585891467282457	FALSE	Fibroblasts	Mesenchymal
GSM2430862	GSE81585	fibroblasts	27467256	Normal	stem-like	-139.853720324424	7.01718950218177	2	-8.51306334172643	3.66622596441667	Fibroblasts	2	11.1228402816081	Fibroblasts	-0.00774909163017203	-0.00410876871141396	0.00495213859512054	FALSE	Fibroblasts	Mesenchymal
GSM2430868	GSE81585	fibroblasts	29375565	Normal	stem-like	-141.505226601541	11.6037419454472	2	-8.38075521873113	3.95403133419188	Fibroblasts	2	11.122665579736	Fibroblasts	-0.0080665250154028	-0.00423854146724532	0.0047463789544786	FALSE	Fibroblasts	Mesenchymal
GSM2430869	GSE81585	fibroblasts	35056114	Normal	stem-like	-148.257386217057	-20.5190998154839	2	-8.99849385658643	4.26534294935525	Fibroblasts	2	11.288155221054	Fibroblasts	-0.0038298878856919	-0.00355164820866859	0.00586566282779237	FALSE	Fibroblasts	Mesenchymal
GSM2430870	GSE81585	fibroblasts	19710383	Normal	stem-like	-167.508969926427	-143.569942285847	2	-8.94732934290547	5.32574465706661	Fibroblasts	2	11.9947433181996	Fibroblasts	-0.00778626220105615	-0.00217209705095852	0.00393774599784851	FALSE	Fibroblasts	Mesenchymal
GSM2430871	GSE81585	fibroblasts	27101776	Normal	stem-like	-171.459416286617	-71.4548318446872	2	-9.06405711276497	5.63295472339483	Fibroblasts	2	11.4443684158609	Fibroblasts	-0.0073898161753665	-0.00413086038609494	0.00430825218760081	FALSE	Fibroblasts	Mesenchymal
GSM2430872	GSE81585	fibroblasts	28987094	Normal	stem-like	-163.525037257154	-51.5384003759081	2	-8.3758709272424	4.3695148994376	Fibroblasts	2	11.4561249269911	Fibroblasts	-0.00677858657166155	-0.00386309508608424	0.00544778137749419	FALSE	Fibroblasts	Mesenchymal
GSM2430873	GSE81585	fibroblasts	34052204	Normal	stem-like	-169.912417101885	-76.1533381636957	2	-8.48099057272796	4.853206838138	Fibroblasts	2	11.5282347187604	Fibroblasts	-0.00640082541339317	-0.00381297959817804	0.00498945242467766	FALSE	Fibroblasts	Mesenchymal
GSM2430874	GSE81585	fibroblasts	27211817	Normal	stem-like	-164.759985747286	-76.6015191831933	2	-8.78359888362679	4.83596275136764	Fibroblasts	2	11.7308314398735	Fibroblasts	-0.00673446846606089	-0.0033906405113304	0.00512396680909076	FALSE	Fibroblasts	Mesenchymal
GSM2430875	GSE81585	fibroblasts	19470167	Normal	stem-like	-171.577159820787	-96.8102174968585	2	-8.99368918334188	4.78478855214366	Fibroblasts	2	11.4230963379254	Fibroblasts	-0.00905033680833112	-0.00390044403968962	0.00443439166295818	FALSE	Fibroblasts	Mesenchymal
GSM2430876	GSE81585	Fibroblasts	28292238	Normal	stem-like	-146.431506486854	16.2579665993086	2	-8.46048369359875	4.74234103215712	Fibroblasts	2	11.1479614321599	Fibroblasts	-0.00885981441335717	-0.00471967403756574	0.00400587544331734	FALSE	Fibroblasts	Mesenchymal
GSM3041157	GSE111853	human cardiac organoids	29409143	Normal	cardiac	-132.362546781743	-18.1531946970752	2	-8.44007700862244	3.7048300170485	Cardiac	2	11.0378338936507	Cardiac	-0.00687476517367297	-0.00329838646359188	0.00607127562955162	FALSE	Cardiac	Mesenchymal
GSM3041158	GSE111853	human cardiac organoids	27684688	Normal	cardiac	-133.017512526827	-20.5520930949048	2	-8.19840288290311	3.83700784306032	Cardiac	2	11.0930305934993	Cardiac	-0.00695139594609659	-0.00329653464980298	0.00606373064508894	FALSE	Cardiac	Mesenchymal
GSM3041159	GSE111853	human cardiac organoids	23918025	Normal	cardiac	-136.490939030825	-27.4721400663573	2	-8.30865380143125	3.94774273403354	Cardiac	2	11.141284030599	Cardiac	-0.00701681067744408	-0.00333285976351409	0.00601884538628429	FALSE	Cardiac	Mesenchymal
GSM3041160	GSE111853	human cardiac organoids	12128150	Normal	cardiac	-134.612742003966	-20.0978166275353	2	-8.48571198444389	3.74711088665067	Cardiac	2	11.135324907366	Cardiac	-0.00685948268341252	-0.00332892545042298	0.00606577715522011	FALSE	Cardiac	Mesenchymal
GSM3041162	GSE111853	human cardiac organoids	12996615	Normal	cardiac	-133.845231666208	-25.1817983070839	2	-8.41730485456787	4.13909237982742	Cardiac	2	11.0007100317097	Cardiac	-0.00725264925530571	-0.0033626166239205	0.00593567764774207	FALSE	Cardiac	Mesenchymal
GSM3041164	GSE111853	human cardiac organoids	10358780	Normal	cardiac	-131.785980820605	-15.360203003721	2	-8.24839090199677	4.05697356773761	Cardiac	2	10.9690824686092	Cardiac	-0.00720128477787493	-0.00335136782874364	0.00596817336949629	FALSE	Cardiac	Mesenchymal
GSM3041165	GSE111853	human cardiac organoids	11915794	Normal	cardiac	-134.194127993121	-20.8293057441211	2	-8.42801071100116	4.38007991259521	Cardiac	2	11.0993099954587	Cardiac	-0.00726913068078253	-0.00338952088790583	0.00591795428427609	FALSE	Cardiac	Mesenchymal
GSM3041166	GSE111853	human cardiac organoids	11520572	Normal	cardiac	-133.776982179487	-19.9559316708986	2	-8.58330090565376	4.03819755178643	Cardiac	2	10.9642541816564	Cardiac	-0.00719383557153474	-0.00338250248881307	0.0059410253627142	FALSE	Cardiac	Mesenchymal
GSM3041167	GSE111853	human cardiac organoids	13619137	Normal	cardiac	-123.572518001599	4.32562201474089	2	-8.49939868414645	3.75236643565353	Cardiac	2	10.6689132416164	Cardiac	-0.00667695395686525	-0.00330748468671171	0.00607628869275322	FALSE	Cardiac	Mesenchymal
GSM3041168	GSE111853	human cardiac organoids	13262283	Normal	cardiac	-124.682877223376	0.523648195614163	2	-8.21623457720329	3.56060794035909	Cardiac	2	10.8103760146205	Cardiac	-0.0066914968204847	-0.00330165459249849	0.00608624027618545	FALSE	Cardiac	Mesenchymal
GSM3041169	GSE111853	human cardiac organoids	11597322	Normal	cardiac	-124.966519255843	0.433829567658752	2	-8.22586404619866	3.4601544875573	Cardiac	2	10.7632932808526	Cardiac	-0.00679611648466236	-0.00334095993408414	0.00603006281557659	FALSE	Cardiac	Mesenchymal
GSM3041170	GSE111853	human cardiac organoids	11900035	Normal	cardiac	-124.353199638417	0.527502113839155	2	-8.13796711073966	3.64729517249218	Cardiac	2	10.6816838954927	Cardiac	-0.00657836603328505	-0.00333737461388874	0.00606167730840877	FALSE	Cardiac	Mesenchymal
GSM3147209	GSE114686	human cardiomyocytes	12644118	Normal	muscle	-111.76720253786	48.2286865608787	2	-8.19217647296338	2.42015417979945	Muscle	2	10.6738388755915	Muscle	-0.00484992620461315	-0.00303433693992208	0.0057109882925694	FALSE	Muscle	Mesenchymal
GSM3147210	GSE114686	human cardiomyocytes	12633791	Normal	muscle	-113.474984045775	32.1034412623176	2	-8.5994487687056	2.51513194539471	Muscle	2	10.6784665825195	Muscle	-0.00601113664072085	-0.00308865975829759	0.00576664466638071	FALSE	Muscle	Mesenchymal
GSM3147211	GSE114686	human cardiomyocytes	13092993	Normal	muscle	-111.431402228286	40.851744621798	2	-8.40968009720432	2.60966922930371	Muscle	2	10.6874483233189	Muscle	-0.00547169068596946	-0.00305635607170933	0.00572407982877408	FALSE	Muscle	Mesenchymal
GSM3147212	GSE114686	human cardiomyocytes	12195944	Normal	muscle	-109.961898592213	29.6887751894886	2	-8.43302948288772	2.72078540183645	Muscle	2	10.5994916204681	Muscle	-0.00689784381401583	-0.00307636927040442	0.00572457394031886	FALSE	Muscle	Mesenchymal
GSM3147213	GSE114686	human cardiomyocytes	11147623	Normal	muscle	-112.203978308349	35.796605706998	2	-8.16619249888969	2.81507534697273	Muscle	2	10.6955828535601	Muscle	-0.00568037829159661	-0.00305086992396011	0.00575790535457137	FALSE	Muscle	Mesenchymal
GSM3147214	GSE114686	human cardiomyocytes	13077330	Normal	muscle	-113.13264754938	49.7121450321765	2	-8.42814345581194	2.60636868015696	Muscle	2	10.6573626120067	Muscle	-0.0054974879659886	-0.00309917173546809	0.00570152099985344	FALSE	Muscle	Mesenchymal
GSM3147215	GSE114686	human cardiomyocytes	15736650	Normal	muscle	-108.762743473237	54.5777629880238	2	-8.55782840833377	2.3249962122978	Muscle	2	10.8144129314491	Muscle	-0.00585354984652403	-0.00306411522982756	0.00560959379296387	FALSE	Muscle	Mesenchymal
GSM3147216	GSE114686	human cardiomyocytes	13796129	Normal	muscle	-110.637831170111	25.5598645036909	2	-8.29618269026086	2.80422547025542	Muscle	2	10.74597329138	Muscle	-0.00513631942905331	-0.00318193744668555	0.00578360858014632	FALSE	Muscle	Mesenchymal
GSM3147217	GSE114686	human cardiomyocytes	11744861	Normal	muscle	-106.877724372322	53.2343232747286	2	-8.48598545350356	2.53754953213962	Muscle	2	10.4659534079638	Muscle	-0.0053462430540708	-0.00307137492048207	0.00562030134554034	FALSE	Muscle	Mesenchymal
GSM3147218	GSE114686	human cardiomyocytes	14240542	Normal	muscle	-98.4771429293516	60.4570488395523	2	-8.39685403515136	2.52249429698444	Muscle	2	10.208992203561	Muscle	-0.00327359990753994	-0.00295805050986618	0.00558687478459884	FALSE	Muscle	Mesenchymal
GSM3147219	GSE114686	human cardiomyocytes	13009236	Normal	muscle	-113.265675497847	54.6903297516855	2	-8.41833229147582	2.31071310508876	Muscle	2	10.7540294213727	Muscle	-0.00571686613061742	-0.00309451047585344	0.00564804904065681	FALSE	Muscle	Mesenchymal
GSM3147223	GSE114686	human cardiomyocytes	15957363	Normal	muscle	-114.665554251135	37.2902489197871	2	-8.67782489910196	2.34412596176801	Muscle	2	10.5013644651494	Muscle	-0.00440303873486956	-0.0031164333409012	0.00568667825122693	FALSE	Muscle	Mesenchymal
GSM3147224	GSE114686	human cardiomyocytes	13204172	Normal	muscle	-113.455931785961	34.5589932086313	2	-8.08170462970309	2.54820034218629	Muscle	2	10.5402895527112	Muscle	-0.00530837352822359	-0.00310610181716092	0.00576548761993306	FALSE	Muscle	Mesenchymal
GSM3147225	GSE114686	human cardiomyocytes	14786239	Normal	muscle	-112.88586766811	38.8353227583402	2	-8.06014902119987	2.70961893547	Muscle	2	10.5231935776381	Muscle	-0.0047471313868542	-0.00309304095684184	0.00569763196333364	FALSE	Muscle	Mesenchymal
GSM3147226	GSE114686	human cardiomyocytes	12769856	Normal	muscle	-110.869356255816	26.7317097315789	2	-8.26312030124953	2.72229550576646	Muscle	2	10.5011772060528	Muscle	-0.00510306931182102	-0.00313262361259855	0.00584216871502938	FALSE	Muscle	Mesenchymal
GSM3147227	GSE114686	human cardiomyocytes	12812683	Normal	muscle	-115.520123495198	37.8342188711851	2	-8.50641766025727	2.42578476054308	Muscle	2	10.5330668239854	Muscle	-0.00457443722027425	-0.00309960020997861	0.0057119529828044	FALSE	Muscle	Mesenchymal
GSM3147228	GSE114686	human cardiomyocytes	14433236	Normal	muscle	-106.782932451281	55.1806606460015	2	-8.15395541828741	2.51119276589003	Muscle	2	10.560562632408	Muscle	-0.00548438607621755	-0.00307073173366142	0.0055783817125052	FALSE	Muscle	Mesenchymal
GSM3147230	GSE114686	human cardiomyocytes	11712801	Normal	muscle	-108.554049818726	55.1909039179475	2	-8.26144736653763	2.49483829893248	Muscle	2	10.4363701179391	Muscle	-0.00424551014557287	-0.00304017623180229	0.00557330117223017	FALSE	Muscle	Mesenchymal
GSM3147231	GSE114686	human cardiomyocytes	12086602	Normal	muscle	-108.285076270644	49.9952958092824	2	-8.16521975920046	2.48554762802221	Muscle	2	10.4640797914749	Muscle	-0.00402076724527308	-0.00305613180419252	0.00563947912014938	FALSE	Muscle	Mesenchymal
GSM3147234	GSE114686	human cardiomyocytes	12462823	Normal	muscle	-102.812315226181	62.9872627026787	2	-8.10278403734227	2.36319230483555	Muscle	2	10.4224484249596	Muscle	-0.00498294162053891	-0.00308506732263796	0.0055126449636519	FALSE	Muscle	Mesenchymal
GSM3147235	GSE114686	human cardiomyocytes	13134811	Normal	muscle	-106.633464539409	58.9342132045814	2	-8.33326940009952	2.42167051622745	Muscle	2	10.4271443061679	Muscle	-0.00339603153381306	-0.00300508494129275	0.00553615253258572	FALSE	Muscle	Mesenchymal
GSM3147236	GSE114686	human cardiomyocytes	17508174	Normal	muscle	-104.051417801618	54.2579681513804	2	-8.45378106413084	2.07552869858126	Muscle	2	10.4849373866606	Muscle	-0.00308866910657931	-0.00304205933703043	0.0055054654214759	FALSE	Muscle	Mesenchymal
GSM3147237	GSE114686	human cardiomyocytes	10524844	Normal	muscle	-116.366932812652	22.2677234201966	2	-8.22665157146761	2.72956794106784	Muscle	2	10.9177578436947	Muscle	-0.00628485465720981	-0.00310586407848013	0.00583954227227816	FALSE	Muscle	Mesenchymal
GSM3147238	GSE114686	human cardiomyocytes	11151898	Normal	muscle	-115.533391576817	26.8849300773865	2	-8.36582665860507	2.47162995539786	Muscle	2	10.9341013210096	Muscle	-0.0059443931854143	-0.00311196599371876	0.00581785375743794	FALSE	Muscle	Mesenchymal
GSM3147239	GSE114686	human cardiomyocytes	10943820	Normal	muscle	-115.815989132373	42.0605793766137	2	-8.26607992960706	2.52158983373859	Muscle	2	10.9565630691298	Muscle	-0.00444160235998765	-0.00307231289455084	0.00570635301707926	FALSE	Muscle	Mesenchymal
GSM3147240	GSE114686	human cardiomyocytes	11247506	Normal	muscle	-112.906251590765	36.5193248402295	2	-8.56628594707878	2.67137252281784	Muscle	2	10.845744088883	Muscle	-0.0060231215766542	-0.00308207881550824	0.00576078043650936	FALSE	Muscle	Mesenchymal
GSM3147241	GSE114686	human cardiomyocytes	10453940	Normal	muscle	-113.597742005809	44.808575691071	2	-8.3281524823868	2.48003485164801	Muscle	2	10.9608354050766	Muscle	-0.00477300361161009	-0.00306116499100733	0.00571745319521617	FALSE	Muscle	Mesenchymal
GSM3147242	GSE114686	human cardiomyocytes	12586118	Normal	muscle	-115.160176036243	31.9953245710309	2	-8.48516180237946	2.65868436911316	Muscle	2	10.642249707185	Muscle	-0.00567295291219781	-0.00311907525801886	0.00577410622342766	FALSE	Muscle	Mesenchymal
GSM3147243	GSE114686	human cardiomyocytes	10962859	Normal	muscle	-112.774654348675	39.3733209632452	2	-8.12179608596203	2.66981215218251	Muscle	2	10.7683430837939	Muscle	-0.0060962104194318	-0.00311884412706696	0.00567319622141123	FALSE	Muscle	Mesenchymal
GSM3147244	GSE114686	human cardiomyocytes	12650803	Normal	muscle	-115.184170259913	11.4722509166961	2	-8.48196241253969	2.97492638308864	Muscle	2	10.9301826013306	Muscle	-0.00540348899246289	-0.0031558225066293	0.00578786753695193	FALSE	Muscle	Mesenchymal
GSM3147247	GSE114686	human cardiomyocytes	11135285	Normal	muscle	-115.737486370062	38.9175079473279	2	-8.27837491059989	2.42308513963671	Muscle	2	10.8781285717243	Muscle	-0.00478165975846411	-0.00312995925282821	0.00568695331070018	FALSE	Muscle	Mesenchymal
GSM3147248	GSE114686	human cardiomyocytes	13021956	Normal	muscle	-113.00627943934	41.8288527294195	2	-8.18302325505063	2.39356810193139	Muscle	2	10.5760659420132	Muscle	-0.00507799604994006	-0.00310945857772006	0.00569851848193724	FALSE	Muscle	Mesenchymal
GSM3147250	GSE114686	human cardiomyocytes	12644771	Normal	muscle	-115.478726742006	37.1863527949618	2	-8.52614839344803	2.46105840838506	Muscle	2	10.659236838072	Muscle	-0.0044637187002259	-0.00312803093324653	0.00569221689285867	FALSE	Muscle	Mesenchymal
GSM3147251	GSE114686	human cardiomyocytes	14135073	Normal	muscle	-114.43279036495	37.3652758861795	2	-8.43229964106201	2.59794442981502	Muscle	2	10.5639276409327	Muscle	-0.00460416276996711	-0.00313625475861236	0.0057104078417306	FALSE	Muscle	Mesenchymal
GSM3147254	GSE114686	human cardiomyocytes	11105585	Normal	muscle	-109.265521353117	51.4267747278966	2	-8.24741373253693	2.39362802885475	Muscle	2	10.5075228411012	Muscle	-0.0043825067395186	-0.00312761461072532	0.00563367753475267	FALSE	Muscle	Mesenchymal
GSM3147257	GSE114686	human cardiomyocytes	10912207	Normal	muscle	-107.253274248338	45.369682467934	2	-8.16971457552714	2.56959034389354	Muscle	2	10.2154968207422	Muscle	-0.00431696272684172	-0.00316772961758785	0.00560602965496148	FALSE	Muscle	Mesenchymal
GSM3147258	GSE114686	human cardiomyocytes	11072842	Normal	muscle	-107.38139212359	53.8704777400287	2	-8.54628214202444	2.51769757693752	Muscle	2	10.3489986120262	Muscle	-0.0052149719218503	-0.00304520175724217	0.0055317557226283	FALSE	Muscle	Mesenchymal
GSM3147259	GSE114686	human cardiomyocytes	11877364	Normal	muscle	-108.600867691526	48.8206703528454	2	-8.39375995839336	2.50096968146346	Muscle	2	10.3245966199052	Muscle	-0.00462841035176927	-0.0031192810241193	0.00564686619772403	FALSE	Muscle	Mesenchymal
GSM3147260	GSE114686	human cardiomyocytes	10829375	Normal	muscle	-111.492060407601	48.6899759262898	2	-8.37557732312913	2.37696098086713	Muscle	2	10.4880213809489	Muscle	-0.00291173583279094	-0.00303336682173573	0.00564003062898466	FALSE	Muscle	Mesenchymal
GSM3147261	GSE114686	human cardiomyocytes	10612251	Normal	muscle	-98.566696329109	72.482183760495	2	-8.63271525649442	2.30724328710563	Muscle	2	10.1079231595439	Muscle	-0.0053768446228338	-0.00301287308878741	0.00544204368194981	FALSE	Muscle	Mesenchymal
GSM3147262	GSE114686	human cardiomyocytes	11557241	Normal	muscle	-105.587735640459	64.8582811460518	2	-8.40456135357281	2.22761531280985	Muscle	2	10.3151681745263	Muscle	-0.00312622497162163	-0.0029819428344735	0.00554652530076731	FALSE	Muscle	Mesenchymal
GSM3147263	GSE114686	human cardiomyocytes	11597846	Normal	muscle	-106.391753065673	54.6251344264074	2	-8.33496350277313	2.19336813837544	Muscle	2	10.3689795774946	Muscle	-0.00331840163540118	-0.00308704325227684	0.00552595191202327	FALSE	Muscle	Mesenchymal
GSM3147265	GSE114686	human cardiomyocytes	10065254	Normal	muscle	-110.552294876029	50.8321773155854	2	-8.32772105343969	2.47378074160918	Muscle	2	10.668295433864	Muscle	-0.00535127318015358	-0.00309687833829359	0.00559651143375874	FALSE	Muscle	Mesenchymal
GSM3147266	GSE114686	human cardiomyocytes	11365435	Normal	muscle	-113.102544456289	38.0007464134533	2	-8.22321810907654	2.36842541416095	Muscle	2	11.0767956254054	Muscle	-0.00668699849214851	-0.00310891878976691	0.00559561781096372	FALSE	Muscle	Mesenchymal
GSM3147267	GSE114686	human cardiomyocytes	13007374	Normal	muscle	-108.874826045775	50.1741770784031	2	-8.26405063137842	2.39827937553641	Muscle	2	10.9260293538817	Muscle	-0.00678192151566886	-0.00310939554073241	0.0055103489554773	FALSE	Muscle	Mesenchymal
GSM3147268	GSE114686	human cardiomyocytes	10303774	Normal	muscle	-111.339997287748	37.9135739608742	2	-8.34834549469695	2.54807607324641	Muscle	2	10.7073773962815	Muscle	-0.00638129762760612	-0.00315061155669286	0.00559809398889782	FALSE	Muscle	Mesenchymal
GSM3147269	GSE114686	human cardiomyocytes	11820469	Normal	muscle	-110.569068223698	46.2078264337421	2	-8.22712003437775	2.29913131726535	Muscle	2	10.9980485315605	Muscle	-0.00672057390463316	-0.00308836193769021	0.00555782600666108	FALSE	Muscle	Mesenchymal
GSM3147270	GSE114686	human cardiomyocytes	13539173	Normal	muscle	-111.994701714362	42.0058093646296	2	-8.44524068423016	2.46937271256812	Muscle	2	10.7026507957238	Muscle	-0.00668388027251816	-0.00312519283388161	0.00561696129887876	FALSE	Muscle	Mesenchymal
GSM3147271	GSE114686	human cardiomyocytes	12549594	Normal	muscle	-104.705132420741	63.4092676425021	2	-8.07203245872306	2.20416050321961	Muscle	2	10.4762176456386	Muscle	-0.00577881888908974	-0.00305491306044953	0.00545376813397016	FALSE	Muscle	Mesenchymal
GSM3147272	GSE114686	human cardiomyocytes	13895913	Normal	muscle	-108.094303740148	43.8052974843908	2	-8.42390680681639	2.56536503099944	Muscle	2	10.4440798695695	Muscle	-0.00647706552958785	-0.00316539956106788	0.00559713405016298	FALSE	Muscle	Mesenchymal
GSM3147273	GSE114686	human cardiomyocytes	12159814	Normal	muscle	-100.858348589396	53.6192410467502	2	-8.59025084670141	2.58349860409633	Muscle	2	10.3362990325982	Muscle	-0.00535691343857456	-0.00311001241722658	0.00558286307461607	FALSE	Muscle	Mesenchymal
GSM3147274	GSE114686	human cardiomyocytes	10680258	Normal	muscle	-113.886797035549	43.7322951519117	2	-8.34371369773304	2.18695842597605	Muscle	2	10.669482552104	Muscle	-0.00534588038683061	-0.00315923324609869	0.00563731638828995	FALSE	Muscle	Mesenchymal
GSM3147275	GSE114686	human cardiomyocytes	10896991	Normal	muscle	-112.087534017875	47.939785266926	2	-8.48168400130507	2.30852913123656	Muscle	2	10.6201367735066	Muscle	-0.00569736275364957	-0.00315280706316715	0.00558003861826503	FALSE	Muscle	Mesenchymal
GSM3147276	GSE114686	human cardiomyocytes	13943308	Normal	muscle	-115.967124070085	15.5699328068883	2	-8.21553493086922	2.81790014574765	Muscle	2	10.9542179043084	Muscle	-0.00636042533520482	-0.00309290304741703	0.00567723977636786	FALSE	Muscle	Mesenchymal
GSM3147278	GSE114686	human cardiomyocytes	12342613	Normal	muscle	-107.809829882528	49.9656586135238	2	-8.50094261211311	2.39148914421488	Muscle	2	10.4722093206066	Muscle	-0.00617140739623079	-0.0031331409730081	0.00558599975919389	FALSE	Muscle	Mesenchymal
GSM3147279	GSE114686	human cardiomyocytes	11084871	Normal	muscle	-107.806716108855	53.526546400329	2	-8.35970091996891	2.32266388334986	Muscle	2	10.5908948073277	Muscle	-0.00605107724456168	-0.00313099718062117	0.00556401732956802	FALSE	Muscle	Mesenchymal
GSM3147280	GSE114686	human cardiomyocytes	10692363	Normal	muscle	-107.692659336792	56.6345667139513	2	-8.2513579309195	2.30813220513822	Muscle	2	10.5976567538117	Muscle	-0.00601614365971349	-0.00311326478314701	0.00557086160575678	FALSE	Muscle	Mesenchymal
GSM3147281	GSE114686	human cardiomyocytes	14145407	Normal	muscle	-106.239293042775	53.7535071862244	2	-8.32692594846475	2.34772274842225	Muscle	2	10.5577419551279	Muscle	-0.00648029933286127	-0.00311069214021134	0.00557598492660169	FALSE	Muscle	Mesenchymal
GSM3147282	GSE114686	human cardiomyocytes	10058951	Normal	muscle	-105.722900009146	48.2851688582828	2	-8.48926180531092	2.43622056197151	Muscle	2	10.5337554818479	Muscle	-0.00629963444626716	-0.00316666134385126	0.00554097764056728	FALSE	Muscle	Mesenchymal
GSM3147283	GSE114686	human cardiomyocytes	11027268	Normal	muscle	-111.229656894136	52.1332204316841	2	-8.32503436510735	2.24801731459222	Muscle	2	10.6230099568283	Muscle	-0.00472734513031291	-0.00313080346261266	0.00557706754626379	FALSE	Muscle	Mesenchymal
GSM3147284	GSE114686	human cardiomyocytes	12317110	Normal	muscle	-107.86681726924	56.8307041035867	2	-8.47442019289883	2.25080088980217	Muscle	2	10.5773200687241	Muscle	-0.00641567687343779	-0.00316475053669692	0.00548736896996477	FALSE	Muscle	Mesenchymal
GSM3147285	GSE114686	human cardiomyocytes	12788895	Normal	muscle	-108.113565949405	42.701253819251	2	-8.30839418431668	2.43764332580912	Muscle	2	10.5330005249579	Muscle	-0.00593003469275675	-0.00316757503435932	0.00559259401040158	FALSE	Muscle	Mesenchymal
GSM3147286	GSE114686	human cardiomyocytes	10906537	Normal	muscle	-108.530549299801	39.6385788658991	2	-8.23424497048978	2.37029856084427	Muscle	2	10.5023052931381	Muscle	-0.00627541076887795	-0.00313918656528835	0.00562868091345629	FALSE	Muscle	Mesenchymal
GSM3147288	GSE114686	human cardiomyocytes	19501647	Normal	muscle	-106.195705663081	63.665335568963	2	-8.26803623766626	2.08711675443084	Muscle	2	10.5282609270478	Muscle	-0.00450408992269226	-0.003070206669016	0.00548548535506222	FALSE	Muscle	Mesenchymal
GSM3147290	GSE114686	human cardiomyocytes	10855102	Normal	muscle	-103.34304434382	67.4942047843073	2	-8.25889451298266	2.56521332448618	Muscle	2	10.4886080789364	Muscle	-0.0047094705345963	-0.0030559196664166	0.00546055272155144	FALSE	Muscle	Mesenchymal
GSM3147291	GSE114686	human cardiomyocytes	12304073	Normal	muscle	-100.432925872939	69.8473436623345	2	-8.34055482915715	2.28310572048445	Muscle	2	10.387466991642	Muscle	-0.00456199987887349	-0.00307611157138021	0.0054484614839301	FALSE	Muscle	Mesenchymal
GSM3147292	GSE114686	human cardiomyocytes	11697706	Normal	muscle	-94.3685742838337	37.0641688347348	2	-8.59076267272272	2.43718597716428	Muscle	2	10.430629630551	Muscle	-0.00313197062997358	-0.00311995557413392	0.00556149550830288	FALSE	Muscle	Mesenchymal
GSM3583613	GSE125862	cardiomyocytes DMSO	34980177	Normal	muscle	-159.943988772831	-68.7742765354159	2	-8.97622485952321	5.06756891969924	Muscle	2	11.4832373517068	Muscle	-0.00709493543212019	-0.00316482920623543	0.00563911559161729	FALSE	Muscle	Mesenchymal
GSM3583614	GSE125862	cardiomyocytes DMSO	25700906	Normal	muscle	-155.71485590133	-52.0872758535055	2	-8.97587220773025	5.02019425452609	Muscle	2	11.3721452293027	Muscle	-0.00622743500301925	-0.00310157934777978	0.00583605025722665	FALSE	Muscle	Mesenchymal
GSM3583615	GSE125862	cardiomyocytes DMSO	33328867	Normal	muscle	-157.824571755397	-58.4715510580793	2	-8.95396285031545	4.94409478185097	Muscle	2	11.4546676947774	Muscle	-0.00612152809421259	-0.00307689493347247	0.00583057926205487	FALSE	Muscle	Mesenchymal
GSM3583619	GSE125862	cardiomyocytes Treat	28470323	Normal	muscle	-150.974956719758	-60.9860657224988	2	-9.04384487681318	4.9136231522812	Muscle	2	11.2602110674282	Muscle	-0.00700678973871408	-0.00268853607251246	0.00597500411054672	FALSE	Muscle	Mesenchymal
GSM3583620	GSE125862	cardiomyocytes Treat	40913980	Normal	muscle	-149.344928427335	-56.8583760851383	2	-9.30097834129745	5.07047461940212	Muscle	2	11.2471024263868	Muscle	-0.00688864988286383	-0.00262362167174604	0.00600676191322252	FALSE	Muscle	Mesenchymal
GSM3583621	GSE125862	cardiomyocytes Treat	31037184	Normal	muscle	-154.161986730921	-68.4175285549211	2	-9.08527463384551	5.16768892158561	Muscle	2	11.3501241503078	Muscle	-0.00709311553795859	-0.0027513243697133	0.00586567656530995	FALSE	Muscle	Mesenchymal
GSM2183952	GSE81585	fibroblasts	15488403	Normal	stem-like	-110.329085310101	66.0984695794061	2	-9.25633674481934	3.20730187269523	Fibroblasts	2	10.1542425063923	Fibroblasts	-0.0072500922761645	-0.0027128238042835	0.00484945865529701	FALSE	Fibroblasts	Mesenchymal
GSM2183954	GSE81585	fibroblasts	13991552	Normal	stem-like	-95.677172822559	115.120233988946	2	-9.02971502030778	2.81791469605359	Fibroblasts	2	9.87946092269876	Fibroblasts	-0.00730508380251989	-0.00217305540209534	0.00568590699326294	FALSE	Fibroblasts	Mesenchymal
GSM2183955	GSE81585	fibroblasts	26562118	Normal	stem-like	-82.3667376247493	144.810466274778	2	-10.4985073568759	3.85909286938962	Fibroblasts	2	11.1414233242643	Fibroblasts	-0.0141697252602675	0.0030815324002921	0.0043673386872761	FALSE	Fibroblasts	Mesenchymal
GSM2183957	GSE81585	fibroblasts	20277450	Normal	stem-like	-79.2420673520359	155.885535531607	2	-10.0465033991814	3.7180972700965	Fibroblasts	2	11.1792405229729	Fibroblasts	-0.0123749005563666	0.00157405058446719	0.00496236611232602	FALSE	Fibroblasts	Mesenchymal
GSM2183959	GSE81585	fibroblasts	19390439	Normal	stem-like	-94.895403619342	137.641647074725	2	-9.89467634447549	3.63244815094334	Fibroblasts	2	11.0003952910521	Fibroblasts	-0.0105370244699679	0.000131655509980414	0.00523325575870945	FALSE	Fibroblasts	Mesenchymal
GSM2183960	GSE81585	fibroblasts	15311820	Normal	stem-like	-97.2864914401717	121.616937343117	2	-10.1395629448135	3.56275875563516	Fibroblasts	2	11.2689343475199	Fibroblasts	-0.0117502694289213	0.00104740818423388	0.0050236365473073	FALSE	Fibroblasts	Mesenchymal
GSM2183961	GSE81585	fibroblasts	20711723	Normal	stem-like	-85.8552987420156	163.748285346325	2	-9.55311685948297	3.61655824651679	Fibroblasts	2	10.2625928461347	Fibroblasts	-0.00958743214626625	-3.49500092114898e-05	0.00557862505878033	FALSE	Fibroblasts	Mesenchymal
GSM2183962	GSE81585	fibroblasts	18713340	Normal	stem-like	-108.710365973169	72.676044487385	2	-9.23120323491206	3.24153917848253	Fibroblasts	2	10.6192964309634	Fibroblasts	-0.0079154537824638	-0.00169012280675501	0.00600204087725754	FALSE	Fibroblasts	Mesenchymal
GSM2183963	GSE81585	fibroblasts	18855389	Normal	stem-like	-93.3487509396213	130.115435479849	2	-9.41328851507305	3.06435219287655	Fibroblasts	2	10.0980450967626	Fibroblasts	-0.00864426742231584	-0.000982670716655981	0.00578999100421591	FALSE	Fibroblasts	Mesenchymal
GSM2183964	GSE81585	fibroblasts	20599691	Normal	stem-like	-96.3150520083161	133.095802999717	2	-9.55101786681017	3.25245647914303	Fibroblasts	2	10.0658898291905	Fibroblasts	-0.00849456165906866	-0.000900286601052197	0.00574512399119906	FALSE	Fibroblasts	Mesenchymal
GSM2183965	GSE81585	fibroblasts	14497493	Normal	stem-like	-88.7819807970165	149.467055507719	2	-9.40925976263724	3.19118065468814	Fibroblasts	2	10.4553417886477	Fibroblasts	-0.00885935861750933	-0.000972266833723854	0.00564943586905138	FALSE	Fibroblasts	Mesenchymal
GSM2183966	GSE81585	fibroblasts	14744850	Normal	stem-like	-109.456584621186	102.529516512467	2	-9.18640550316553	2.94988447626759	Fibroblasts	2	10.2829151376857	Fibroblasts	-0.00768219059613215	-0.00202293523374554	0.0056996892808304	FALSE	Fibroblasts	Mesenchymal
GSM2183967	GSE81585	fibroblasts	23723421	Normal	stem-like	-100.097552084224	82.4835384134006	2	-11.2181375414537	4.64904204017364	Fibroblasts	2	11.4790890615374	Fibroblasts	-0.0165226401376427	0.0051318101563502	0.00323275763780933	FALSE	Fibroblasts	Mesenchymal
GSM2183968	GSE81585	fibroblasts	22329251	Normal	stem-like	-101.058439813069	84.6665742634383	2	-11.3529463263831	4.27586501581917	Fibroblasts	2	11.796811185589	Fibroblasts	-0.0165716854196782	0.00525856999206626	0.00320661276153927	FALSE	Fibroblasts	Mesenchymal
GSM2183969	GSE81585	fibroblasts	23079729	Normal	stem-like	-99.0799861349109	81.1924983067227	2	-10.8257105059959	4.59024766367291	Fibroblasts	2	11.5832683943314	Fibroblasts	-0.0158137577717015	0.00449175302698599	0.00363421471250995	FALSE	Fibroblasts	Mesenchymal
GSM2183970	GSE81585	fibroblasts	13067042	Normal	stem-like	-109.096843899465	68.2067622873369	2	-10.4915230887896	4.67732680839951	Fibroblasts	2	11.4919845271307	Fibroblasts	-0.0150987216607848	0.00333066547319919	0.00394703244891049	FALSE	Fibroblasts	Mesenchymal
GSM2183971	GSE81585	fibroblasts	20559656	Normal	stem-like	-108.373986201034	80.0741483166251	2	-10.2673840247501	4.0706686563455	Fibroblasts	2	11.3063847652883	Fibroblasts	-0.0134354943554325	0.00235901809732933	0.00458176641493603	FALSE	Fibroblasts	Mesenchymal
GSM2183972	GSE81585	fibroblasts	21677773	Normal	stem-like	-105.681167970965	74.8453295536184	2	-10.0023410413505	4.51668531761149	Fibroblasts	2	11.3085482047682	Fibroblasts	-0.0128170764528461	0.00138454306858747	0.00475120344506953	FALSE	Fibroblasts	Mesenchymal
GSM2183973	GSE81585	fibroblasts	24509038	Normal	stem-like	-112.77605368141	76.5891495868852	2	-9.80386824672654	3.89649236947779	Fibroblasts	2	11.2349364217479	Fibroblasts	-0.01123579400523	0.000587424604614919	0.00520009608686488	FALSE	Fibroblasts	Mesenchymal
GSM2183974	GSE81585	fibroblasts	22114574	Normal	stem-like	-108.71828022484	81.4392614865322	2	-9.69849064252855	3.79297800162878	Fibroblasts	2	10.8410436994141	Fibroblasts	-0.0103874247932766	-7.14771141303196e-05	0.00541874810420868	FALSE	Fibroblasts	Mesenchymal
GSM2183975	GSE81585	fibroblasts	19696501	Normal	stem-like	-110.026040951284	85.845596140478	2	-9.88672426148316	3.53282963901386	Fibroblasts	2	11.0582652264003	Fibroblasts	-0.0101949041320827	-3.64448240143644e-05	0.0054742017236583	FALSE	Fibroblasts	Mesenchymal
GSM2183976	GSE81585	fibroblasts	23949295	Normal	stem-like	-118.691373466612	56.8652506081898	2	-9.65420052001196	3.5088923393738	Fibroblasts	2	10.9111707018218	Fibroblasts	-0.00929813581308961	-0.00073542219511095	0.00567061930519778	FALSE	Fibroblasts	Mesenchymal
GSM2183977	GSE81585	fibroblasts	18333713	Normal	stem-like	-109.697180658673	82.4102495031626	2	-9.25666557958021	3.26335194170381	Fibroblasts	2	10.8251342755341	Fibroblasts	-0.00815124188969872	-0.00162204601964318	0.00592049064460882	FALSE	Fibroblasts	Mesenchymal
GSM2183978	GSE81585	fibroblasts	20694728	Normal	stem-like	-136.384905179804	89.7924788159231	2	-9.03905238207233	3.58255281651754	Fibroblasts	2	10.4127293433833	Fibroblasts	-0.0103987330789731	-0.0038399181286456	0.00322239413424541	FALSE	Fibroblasts	Mesenchymal
GSM2183979	GSE81585	fibroblasts	19238480	Normal	stem-like	-100.875156345169	88.6015089078831	2	-11.2146856422232	4.32285139964623	Fibroblasts	2	11.7375381504185	Fibroblasts	-0.0171468085997458	0.00585448189952739	0.00284257993009622	FALSE	Fibroblasts	Mesenchymal
GSM2183980	GSE81585	fibroblasts	20348961	Normal	stem-like	-95.3828828066618	106.687749195042	2	-10.8552975402201	4.35218809055179	Fibroblasts	2	11.6760329054814	Fibroblasts	-0.0152500694209541	0.00426623466071134	0.00383477597517182	FALSE	Fibroblasts	Mesenchymal
GSM2183981	GSE81585	fibroblasts	23611895	Normal	stem-like	-93.5456713689775	116.703492214846	2	-10.5015178181754	4.38177420761249	Fibroblasts	2	11.520257395396	Fibroblasts	-0.0140114681049221	0.00322089858706216	0.00436921034256164	FALSE	Fibroblasts	Mesenchymal
GSM2183982	GSE81585	fibroblasts	19713358	Normal	stem-like	-102.48629120823	102.367061472702	2	-10.4864106244148	4.03369325790341	Fibroblasts	2	11.7525720175227	Fibroblasts	-0.013133973980498	0.00244387774033531	0.00461092906426138	FALSE	Fibroblasts	Mesenchymal
GSM2183983	GSE81585	fibroblasts	15257319	Normal	stem-like	-112.042659080445	71.7449620181491	2	-10.2292188878017	4.22593304573212	Fibroblasts	2	11.3935608370249	Fibroblasts	-0.0126047068362888	0.00166153970954347	0.00468440684636698	FALSE	Fibroblasts	Mesenchymal
GSM2183984	GSE81585	fibroblasts	21431566	Normal	stem-like	-103.745154431488	97.9390815854777	2	-9.78042625865612	3.7892986939697	Fibroblasts	2	11.0888877998167	Fibroblasts	-0.0109086310789054	0.000158523188004859	0.00520324390864229	FALSE	Fibroblasts	Mesenchymal
GSM2183985	GSE81585	fibroblasts	16690902	Normal	stem-like	-98.6167285293422	97.150344828049	2	-9.56530591183695	3.46212708236543	Fibroblasts	2	10.4113497290423	Fibroblasts	-0.00942378697751761	-0.000993423979950404	0.00550973082626283	FALSE	Fibroblasts	Mesenchymal
GSM2183986	GSE81585	fibroblasts	18791651	Normal	stem-like	-110.360528982732	76.4647721059898	2	-9.55473531938488	3.40136657190027	Fibroblasts	2	10.8621779730612	Fibroblasts	-0.00868875114292531	-0.00120139536680701	0.00579358661494051	FALSE	Fibroblasts	Mesenchymal
GSM2183987	GSE81585	fibroblasts	16183179	Normal	stem-like	-116.380492126057	72.8656971931588	2	-9.25821824928721	3.30204611557719	Fibroblasts	2	10.8165239316206	Fibroblasts	-0.00767244151132941	-0.00180624526385036	0.00601887106466949	FALSE	Fibroblasts	Mesenchymal
GSM2183988	GSE81585	fibroblasts	16755552	Normal	stem-like	-115.74920880408	70.2069527002914	2	-9.2912900181524	3.12493449067132	Fibroblasts	2	10.7129719689492	Fibroblasts	-0.00771764351648113	-0.00189105112721538	0.00601153374966498	FALSE	Fibroblasts	Mesenchymal
GSM2183989	GSE81585	fibroblasts	13939502	Normal	stem-like	-108.645680538971	86.1423394398616	2	-8.91670461111928	3.17010818288293	Fibroblasts	2	10.3271831430422	Fibroblasts	-0.00805573792628525	-0.00223526161535342	0.00577125528702015	FALSE	Fibroblasts	Mesenchymal
GSM2183990	GSE81585	fibroblasts	15003617	Normal	stem-like	-104.407216505088	87.8698531846913	2	-8.94366306947051	2.99264825796333	Fibroblasts	2	10.3064651713702	Fibroblasts	-0.00823768848630617	-0.00245886558569311	0.00559387469117893	FALSE	Fibroblasts	Mesenchymal
GSM3587886	GSE126009	iMeLCs derived from idiopathic azoospermia patient	39479403	Normal	male reproductive	-107.955971767807	42.0592703141097	2	-12.229198899033	5.87634964955971	Male reproductive	2	12.1424861084742	Male reproductive	-0.0198749515751399	0.00858836541914373	0.000946223889372712	FALSE	Mixed/other	Mesenchymal
GSM3587887	GSE126009	iMeLCs derived from idiopathic azoospermia patient	40372637	Normal	male reproductive	-105.606302112536	47.1048508735073	2	-12.1580855680661	5.69540566626081	Male reproductive	2	12.054609014833	Male reproductive	-0.0191324375157795	0.00825271978520742	0.00129561579108633	FALSE	Mixed/other	Mesenchymal
GSM3587888	GSE126009	iMeLCs derived from idiopathic azoospermia patient	40478743	Normal	male reproductive	-119.914656575425	9.97086255403581	2	-11.8924914891898	6.54307096545766	Male reproductive	2	12.329830600013	Male reproductive	-0.0200198060377349	0.00901449418647837	0.000613622357409783	FALSE	Mixed/other	Mesenchymal
GSM3587889	GSE126009	iMeLCs derived from idiopathic azoospermia patient	43456847	Normal	male reproductive	-115.050078598265	34.32808510989	2	-11.956940376836	6.13118416678789	Male reproductive	2	12.0859884876169	Male reproductive	-0.0188953577227926	0.0080045988033135	0.00136978895818413	FALSE	Mixed/other	Mesenchymal
GSM3692325	GSE129058	iPS-derived cardiomyocytes	10156070	Normal	muscle	-92.5751954914646	133.202450211547	2	-8.83970092132073	2.93787835065777	Muscle	2	9.99079393612088	Muscle	-0.00718198016090093	-0.00229261621834261	0.00557678690675803	FALSE	Muscle	Mesenchymal
GSM3692327	GSE129058	iPS-derived cardiomyocytes	10235807	Normal	muscle	-88.4209352569021	140.433940731171	2	-8.89703307835937	3.09325618385165	Muscle	2	10.010036942637	Muscle	-0.00694089927921306	-0.00213299587833309	0.00565079073324219	FALSE	Muscle	Mesenchymal
GSM3640166	GSE127856	atrial free wall whole tissue	16427039	Normal	cardiac	-105.116269759167	30.6610614536084	2	-8.2604176581855	3.53209478226816	Cardiac	2	10.3899792397524	Cardiac	-0.0077221560176532	-0.0031367220980886	0.00540525388319728	FALSE	Cardiac	Mesenchymal
GSM3640168	GSE127856	atrial free wall whole tissue	16300751	Normal	cardiac	-102.987334028989	19.8453815277183	2	-8.18677617958994	3.59682346648079	Cardiac	2	10.3973206607043	Cardiac	-0.00776319850300891	-0.00325443171761209	0.00531150630350903	FALSE	Cardiac	Mesenchymal
GSM3897631	GSE132969Xx-xXGSE132970	Endothelial cells	11545060	Normal	endothelial	-91.0999975121354	-61.8181299740401	2	-9.22431732558985	4.39022594471136	Endothelial	2	12.2162233833797	Endothelial	-0.0152621487386865	0.00412577922005408	0.00267024776304646	FALSE	Endothelial	Mesenchymal
